{
  "winner": {
    "strength": 0.08,
    "bump_mult": 0.5,
    "w2_1980": 0.24530699938429942,
    "w2_1990": 0.33110990187864686,
    "w2_2000": 0.422923807779841,
    "w2_2010": 0.40149612333556933,
    "w2_2020": 0.41150461817638034,
    "w2_total": 1.812341450554737,
    "cells_in_band": 18,
    "cells_total": 24,
    "gate_pass": true,
    "shape_2020_var_y": 0.04497546097150261,
    "shape_2020_var_x": 0.14568841627662116,
    "shape_2020_corr_xy": 0.6094278719166558
  },
  "bless_reason": "min w2_total among \u00a711-passing",
  "any_pass": true
}