{
  "winner": {
    "scale": 1.0,
    "sigma": 0.15,
    "boost": 0.5,
    "w2_1980": 0.28172381880396513,
    "w2_1990": 0.3555908292885799,
    "w2_2000": 0.4067444274545278,
    "w2_2010": 0.3897227362088084,
    "w2_2020": 0.40135067670860103,
    "w2_total": 1.8351324884644824,
    "cells_in_band": 9,
    "cells_total": 24,
    "gate_pass": false,
    "shape_2020_var_y": 0.05618736465662644,
    "shape_2020_var_x": 0.14271295074825688,
    "shape_2020_corr_xy": 0.6857756973609891
  },
  "bless_reason": "NO \u00a711-passing cell; min w2_total + min \u00a711-shortfall tiebreaker \u2192 tier_a_best_effort",
  "any_pass": false
}