decade,n_typ_sources,n_raw_sources,n_typ_points,n_raw_points,n_points_combined,raw_weight,corr_xy,var_x,var_y,mean_abs_x,kde_sum_check
1980,1,3,2000,3000,5000,0.60,+0.2622,0.2438,0.2148,0.4187,1.000000
1990,2,3,1750,3250,5000,0.65,+0.2734,0.2342,0.2179,0.4052,1.000000
2000,1,3,1500,3500,5000,0.70,+0.3722,0.2537,0.2613,0.4214,1.000000
2010,2,4,1800,4200,6000,0.70,+0.4147,0.2837,0.2619,0.4544,1.000000
2020,3,4,2450,4550,7000,0.65,+0.5678,0.2926,0.2727,0.4616,1.000000
