{
  "metadata": {
    "label": "tier_a_best_effort",
    "n_agents": 250,
    "independent_fraction": 0.12,
    "factional_seeding": true,
    "faction_stubbornness_boost": 0.5,
    "faction_center_scale": 1.0,
    "faction_sigma_within": 0.15,
    "seeds": [
      0,
      1,
      2,
      3,
      4,
      5,
      6,
      7,
      8
    ],
    "pot_available": true,
    "degraded": false,
    "decade_ticks": [
      [
        1980,
        0
      ],
      [
        1990,
        30
      ],
      [
        2000,
        60
      ],
      [
        2010,
        90
      ],
      [
        2020,
        120
      ]
    ],
    "population_includes": "all agents (party 0/1/2)",
    "bless_reason": "NO \u00a711-passing cell; min w2_total + min \u00a711-shortfall tiebreaker \u2192 tier_a_best_effort"
  },
  "per_decade": {
    "1980": {
      "wasserstein_mean": 0.2831847442769426,
      "wasserstein_ci95_lo": 0.2673532150296318,
      "wasserstein_ci95_hi": 0.2990162735242535,
      "wasserstein_ci95_halfwidth": 0.01583152924731085,
      "wasserstein_per_seed": [
        0.27133970324441,
        0.2673424689125213,
        0.2625005104818486,
        0.3111575507210861,
        0.29627886065996,
        0.2613033400477116,
        0.28638194176994386,
        0.31610148732467724,
        0.27625683533032513
      ],
      "corr_xy_mean": 0.4897103633164248,
      "var_x_mean": 0.12963697332617513,
      "var_y_mean": 0.09556450367633709,
      "mean_abs_x_mean": 0.3112716533116575,
      "mean_abs_y_mean": 0.25340825580644755,
      "n_local_max_mean": 1.7777777777777777,
      "q_ll_mean": 0.30888888888888894,
      "q_lr_mean": 0.14133333333333334,
      "q_ul_mean": 0.16666666666666663,
      "q_ur_mean": 0.3831111111111111
    },
    "1990": {
      "wasserstein_mean": 0.3480110088824072,
      "wasserstein_ci95_lo": 0.33449573597564974,
      "wasserstein_ci95_hi": 0.3615262817891647,
      "wasserstein_ci95_halfwidth": 0.01351527290675747,
      "wasserstein_per_seed": [
        0.3467543072489599,
        0.36424856122123916,
        0.35666831634133156,
        0.3632905932860285,
        0.3469923683453404,
        0.32980403884315057,
        0.36121668728071077,
        0.3109282819186183,
        0.3521959254562858
      ],
      "corr_xy_mean": 0.6434085608237303,
      "var_x_mean": 0.09863018617546433,
      "var_y_mean": 0.05871661957025182,
      "mean_abs_x_mean": 0.28261059868904154,
      "mean_abs_y_mean": 0.20103891373246857,
      "n_local_max_mean": 2.0,
      "q_ll_mean": 0.33688888888888885,
      "q_lr_mean": 0.1088888888888889,
      "q_ul_mean": 0.14355555555555558,
      "q_ur_mean": 0.4106666666666667
    },
    "2000": {
      "wasserstein_mean": 0.3928563691608913,
      "wasserstein_ci95_lo": 0.3735109183823777,
      "wasserstein_ci95_hi": 0.41220181993940486,
      "wasserstein_ci95_halfwidth": 0.019345450778513573,
      "wasserstein_per_seed": [
        0.3897943432146625,
        0.409587660099943,
        0.3930731873718622,
        0.4316026057304438,
        0.40966434085572734,
        0.3593290898634788,
        0.37800220548117885,
        0.4090441979330274,
        0.3556096918976977
      ],
      "corr_xy_mean": 0.645444605305559,
      "var_x_mean": 0.09652592874864757,
      "var_y_mean": 0.047960988698357326,
      "mean_abs_x_mean": 0.281313158380937,
      "mean_abs_y_mean": 0.18235762737719582,
      "n_local_max_mean": 2.111111111111111,
      "q_ll_mean": 0.35377777777777775,
      "q_lr_mean": 0.09333333333333332,
      "q_ul_mean": 0.12888888888888891,
      "q_ur_mean": 0.42400000000000004
    },
    "2010": {
      "wasserstein_mean": 0.3983535262630148,
      "wasserstein_ci95_lo": 0.3810664871676875,
      "wasserstein_ci95_hi": 0.4156405653583421,
      "wasserstein_ci95_halfwidth": 0.017287039095327306,
      "wasserstein_per_seed": [
        0.38719513567752273,
        0.3701639520820775,
        0.3777861525772846,
        0.37616677790589015,
        0.43731106725314933,
        0.41117286909343254,
        0.4179923506258768,
        0.39710053654032446,
        0.4102928946115752
      ],
      "corr_xy_mean": 0.6310026718878996,
      "var_x_mean": 0.1205069128414391,
      "var_y_mean": 0.04996358375576099,
      "mean_abs_x_mean": 0.31403227527181543,
      "mean_abs_y_mean": 0.18580985721482743,
      "n_local_max_mean": 2.111111111111111,
      "q_ll_mean": 0.3573333333333333,
      "q_lr_mean": 0.084,
      "q_ul_mean": 0.13644444444444448,
      "q_ur_mean": 0.4222222222222223
    },
    "2020": {
      "wasserstein_mean": 0.39748041169152515,
      "wasserstein_ci95_lo": 0.3825875424979712,
      "wasserstein_ci95_hi": 0.4123732808850791,
      "wasserstein_ci95_halfwidth": 0.014892869193553926,
      "wasserstein_per_seed": [
        0.39515718818384743,
        0.4049583770108984,
        0.38957915714179914,
        0.38470386033296833,
        0.43247860096457597,
        0.36637909543051106,
        0.398552765431638,
        0.3874749736495019,
        0.418039687077986
      ],
      "corr_xy_mean": 0.6816788816398092,
      "var_x_mean": 0.14116660083181204,
      "var_y_mean": 0.055195765046727185,
      "mean_abs_x_mean": 0.3426848999400963,
      "mean_abs_y_mean": 0.19787846028784542,
      "n_local_max_mean": 2.0,
      "q_ll_mean": 0.37377777777777776,
      "q_lr_mean": 0.06844444444444446,
      "q_ul_mean": 0.12888888888888891,
      "q_ur_mean": 0.4288888888888889
    }
  }
}