{
  "0.02": {
    "sep_mean": -0.04687790841028104,
    "sep_se": 0.003027789921120565,
    "aff_mean": 0.12323254400951393,
    "aff_se": 0.004464118411787257,
    "affect_bucket": "partial"
  },
  "0.05": {
    "sep_mean": -0.04756180523990273,
    "sep_se": 0.0027091975844229133,
    "aff_mean": 0.24186243909236685,
    "aff_se": 0.00472329207107083,
    "affect_bucket": "real"
  },
  "0.08": {
    "sep_mean": -0.04867933831672668,
    "sep_se": 0.0029915738440809483,
    "aff_mean": 0.4013670754203867,
    "aff_se": 0.004209429630321905,
    "affect_bucket": "real"
  },
  "0.1": {
    "sep_mean": -0.04761913116110165,
    "sep_se": 0.0027561743036509812,
    "aff_mean": 0.5088580946910106,
    "aff_se": 0.004855753126308404,
    "affect_bucket": "real"
  }
}