{
  "A: baseline / 0% indep": {
    "means": {
      "affect": -0.8993849244612783,
      "constraint": 0.5984182604890117,
      "party_sep": 0.6028030532068769
    },
    "ses": {
      "affect": 0.003430979191522617,
      "constraint": 0.00875193241836315,
      "party_sep": 0.004206454623118484
    }
  },
  "B: baseline / 12% indep": {
    "means": {
      "affect": -0.8201867086060998,
      "constraint": 0.5896019775316163,
      "party_sep": 0.5604365260420398
    },
    "ses": {
      "affect": 0.006583018815456539,
      "constraint": 0.010780643281162964,
      "party_sep": 0.0034666983040973973
    }
  },
  "C: augmented / 0% indep": {
    "means": {
      "affect": -0.877953130337078,
      "constraint": 0.5639729885687484,
      "party_sep": 0.6044466956621616
    },
    "ses": {
      "affect": 0.006489359919648078,
      "constraint": 0.010781558366185186,
      "party_sep": 0.007083949289056638
    }
  },
  "D: augmented / 12% indep": {
    "means": {
      "affect": -0.790748988129946,
      "constraint": 0.5699867479086188,
      "party_sep": 0.5689538763763439
    },
    "ses": {
      "affect": 0.006612818636357371,
      "constraint": 0.012143364568147281,
      "party_sep": 0.005030811562761344
    }
  }
}