{
  "source": "data\\phase9_empirical\\derived\\respondent_coordinates.csv",
  "n_total": 22761,
  "decades": [
    {
      "decade": 1980,
      "n": 1719,
      "var_x": 0.1469912236856369,
      "var_y": 0.14301217488337598,
      "sd_x": 0.3833943448795729,
      "sd_y": 0.3781695054910906,
      "corr": 0.37077071277721235,
      "mean_x": 0.08376963350785341,
      "mean_y": 0.13389567578049252,
      "n_two_party": 1563,
      "party_sep": 0.39431068471708125,
      "cent_d_x": -0.08461645165765015,
      "cent_d_y": 0.05087390761548065,
      "cent_r_x": 0.2693205016039662,
      "cent_r_y": 0.22468285214348205,
      "wp_sd_x_pool": 0.34395233321580876,
      "wp_sd_y_pool": 0.36821267448801553,
      "wp_sd_x_d": 0.3583452703103574,
      "wp_sd_y_d": 0.37674401306155536,
      "wp_sd_x_r": 0.3281428611189773,
      "wp_sd_y_r": 0.35902620457781476,
      "align_x": 0.6487523992322457,
      "align_y": 0.5508637236084453,
      "indep_frac": 0.09075043630017451
    },
    {
      "decade": 1990,
      "n": 4942,
      "var_x": 0.15394599419247715,
      "var_y": 0.15858731367383352,
      "sd_x": 0.39235952160292625,
      "sd_y": 0.39823022697157673,
      "corr": 0.4704304465965792,
      "mean_x": 0.09236045945692441,
      "mean_y": 0.15633281991647355,
      "n_two_party": 4551,
      "party_sep": 0.4992657120381941,
      "cent_d_x": -0.1004891247633344,
      "cent_d_y": 0.014427881567621417,
      "cent_r_x": 0.30249523447233206,
      "cent_r_y": 0.30916481075774566,
      "wp_sd_x_pool": 0.34209075563667074,
      "wp_sd_y_pool": 0.3730189104014022,
      "wp_sd_x_d": 0.3388341140082185,
      "wp_sd_y_d": 0.3810458055279904,
      "wp_sd_x_r": 0.34551894270036854,
      "wp_sd_y_r": 0.3642923584999844,
      "align_x": 0.6645289063404972,
      "align_y": 0.6074314680234068,
      "indep_frac": 0.08060923465948543
    },
    {
      "decade": 2000,
      "n": 1507,
      "var_x": 0.18439631104425527,
      "var_y": 0.18413034505888995,
      "sd_x": 0.42941391575524807,
      "sd_y": 0.42910411913530955,
      "corr": 0.5549909023434029,
      "mean_x": 0.061030566777794934,
      "mean_y": 0.14361297945132565,
      "n_two_party": 1386,
      "party_sep": 0.6641970671912698,
      "cent_d_x": -0.19891548123994635,
      "cent_d_y": -0.060015062208959996,
      "cent_r_x": 0.3301993289503408,
      "cent_r_y": 0.3414762349604565,
      "wp_sd_x_pool": 0.3453292654971378,
      "wp_sd_y_pool": 0.386133820078206,
      "wp_sd_x_d": 0.33002618333426703,
      "wp_sd_y_d": 0.3975477999808494,
      "wp_sd_x_r": 0.3622558958008426,
      "wp_sd_y_r": 0.37246911850237835,
      "align_x": 0.724050398234254,
      "align_y": 0.6520997494133797,
      "indep_frac": 0.07910727307567426
    },
    {
      "decade": 2010,
      "n": 6369,
      "var_x": 0.20276771840749971,
      "var_y": 0.21359602341524742,
      "sd_x": 0.4502973666450868,
      "sd_y": 0.46216449822032785,
      "corr": 0.6428828736296417,
      "mean_x": 0.10813859664736307,
      "mean_y": 0.1087774086909225,
      "n_two_party": 5689,
      "party_sep": 0.8577783090352338,
      "cent_d_x": -0.20981696518649554,
      "cent_d_y": -0.17039589483740566,
      "cent_r_x": 0.4405412228794775,
      "cent_r_y": 0.3889053251388156,
      "wp_sd_x_pool": 0.3283200952740764,
      "wp_sd_y_pool": 0.37922313711131406,
      "wp_sd_x_d": 0.32201945991030934,
      "wp_sd_y_d": 0.389321287264406,
      "wp_sd_x_r": 0.33541977443045146,
      "wp_sd_y_r": 0.36726677751788234,
      "align_x": 0.7771604468253832,
      "align_y": 0.7379080857921771,
      "indep_frac": 0.10888588284797417
    },
    {
      "decade": 2020,
      "n": 8224,
      "var_x": 0.2719406110740668,
      "var_y": 0.2761962962784827,
      "sd_x": 0.5214792527743235,
      "sd_y": 0.5255438100467769,
      "corr": 0.7634850841870152,
      "mean_x": -0.030078531566741847,
      "mean_y": -0.04611515466473745,
      "n_two_party": 7680,
      "party_sep": 1.110548430643421,
      "cent_d_x": -0.4109029877948353,
      "cent_d_y": -0.40928007548551554,
      "cent_r_x": 0.39602590693746054,
      "cent_r_y": 0.35372947599512017,
      "wp_sd_x_pool": 0.3450963496240833,
      "wp_sd_y_pool": 0.37350757109172894,
      "wp_sd_x_d": 0.3313350489466169,
      "wp_sd_y_d": 0.36284079256592017,
      "wp_sd_x_r": 0.36023450426496756,
      "wp_sd_y_r": 0.3853795199051155,
      "align_x": 0.8477607940803323,
      "align_y": 0.8229119607149211,
      "indep_frac": 0.0641547074232646
    }
  ],
  "centroid_velocities": [
    {
      "from": 1980,
      "to": 1990,
      "n_ticks": 30,
      "dD_x": -0.015872673105684243,
      "dD_y": -0.03644602604785923,
      "dR_x": 0.033174732868365864,
      "dR_y": 0.08448195861426361,
      "dsep": 0.10495502732111284,
      "per_tick_D_x": -0.0005290891035228081,
      "per_tick_D_y": -0.001214867534928641,
      "per_tick_R_x": 0.0011058244289455289,
      "per_tick_R_y": 0.0028160652871421204
    },
    {
      "from": 1990,
      "to": 2000,
      "n_ticks": 30,
      "dD_x": -0.09842635647661195,
      "dD_y": -0.07444294377658141,
      "dR_x": 0.027704094478008756,
      "dR_y": 0.032311424202710826,
      "dsep": 0.16493135515307572,
      "per_tick_D_x": -0.0032808785492203984,
      "per_tick_D_y": -0.00248143145921938,
      "per_tick_R_x": 0.0009234698159336252,
      "per_tick_R_y": 0.0010770474734236942
    },
    {
      "from": 2000,
      "to": 2010,
      "n_ticks": 30,
      "dD_x": -0.01090148394654919,
      "dD_y": -0.11038083262844567,
      "dR_x": 0.11034189392913668,
      "dR_y": 0.04742909017835911,
      "dsep": 0.19358124184396397,
      "per_tick_D_x": -0.0003633827982183063,
      "per_tick_D_y": -0.003679361087614856,
      "per_tick_R_x": 0.0036780631309712227,
      "per_tick_R_y": 0.0015809696726119705
    },
    {
      "from": 2010,
      "to": 2020,
      "n_ticks": 30,
      "dD_x": -0.20108602260833977,
      "dD_y": -0.23888418064810987,
      "dR_x": -0.044515315942016964,
      "dR_y": -0.035175849143695426,
      "dsep": 0.25277012160818724,
      "per_tick_D_x": -0.0067028674202779925,
      "per_tick_D_y": -0.007962806021603663,
      "per_tick_R_x": -0.0014838438647338987,
      "per_tick_R_y": -0.0011725283047898476
    }
  ],
  "sigmoid_K_anchors": {
    "1980": {
      "align_x": 0.6487523992322457,
      "K_match": 2.056768558951965,
      "implied_align_at_K_match": 0.6485409123742811
    },
    "1990": {
      "align_x": 0.6645289063404972,
      "K_match": 2.25764192139738,
      "implied_align_at_K_match": 0.6646322411783478
    },
    "2000": {
      "align_x": 0.724050398234254,
      "K_match": 3.061135371179039,
      "implied_align_at_K_match": 0.7245170571819021
    },
    "2010": {
      "align_x": 0.7771604468253832,
      "K_match": 3.8646288209606987,
      "implied_align_at_K_match": 0.7772438411536218
    },
    "2020": {
      "align_x": 0.8477607940803323,
      "K_match": 5.069868995633188,
      "implied_align_at_K_match": 0.8481690936497018
    }
  }
}