{
  "metadata": {
    "label": "tier_d_central",
    "n_agents": 250,
    "independent_fraction": 0.12,
    "factional_seeding": false,
    "faction_anchor_strength": 0.08,
    "faction_anchor_events": true,
    "event_stubbornness_bump_multiplier": 0.5,
    "tier_d_axis_balance": true,
    "seeds": [
      0,
      1,
      2,
      3,
      4,
      5,
      6,
      7,
      8
    ],
    "pot_available": true,
    "degraded": false,
    "decade_ticks": [
      [
        1980,
        0
      ],
      [
        1990,
        30
      ],
      [
        2000,
        60
      ],
      [
        2010,
        90
      ],
      [
        2020,
        120
      ]
    ],
    "population_includes": "all agents (party 0/1/2)",
    "levers": {
      "1_party_sigmoid": "0.55*x + 0.45*y",
      "2_party_centers": "(\u00b10.30, \u00b10.20)",
      "3_initial_side": "x=0.15, y=0.12, rho=+0.20",
      "4_perception_bias": "x=0.20, y=0.25 (inverted)",
      "5_outlet_y_spread": "default (deferred to sweep)",
      "6_trump_2016_nudge": "(0.02, 0.10)"
    }
  },
  "per_decade": {
    "1980": {
      "wasserstein_mean": 0.2439072258946307,
      "wasserstein_ci95_lo": 0.2301726512326187,
      "wasserstein_ci95_hi": 0.2576418005566427,
      "wasserstein_ci95_halfwidth": 0.013734574662012,
      "wasserstein_per_seed": [
        0.2386642504291898,
        0.23394721687467732,
        0.22499525726128577,
        0.23903371610195476,
        0.25341622551979376,
        0.24499770614595726,
        0.24381576449212924,
        0.2859758323687888,
        0.23031906385789974
      ],
      "corr_xy_mean": 0.03807440964900633,
      "var_x_mean": 0.201881846771092,
      "var_y_mean": 0.19926093346680235,
      "mean_abs_x_mean": 0.3635972326337453,
      "mean_abs_y_mean": 0.3630554861019848,
      "n_local_max_mean": 0.0,
      "q_ll_mean": 0.2528888888888889,
      "q_lr_mean": 0.2551111111111111,
      "q_ul_mean": 0.2404444444444444,
      "q_ur_mean": 0.2515555555555556
    },
    "1990": {
      "wasserstein_mean": 0.312242172390834,
      "wasserstein_ci95_lo": 0.29644096418998245,
      "wasserstein_ci95_hi": 0.3280433805916856,
      "wasserstein_ci95_halfwidth": 0.01580120820085157,
      "wasserstein_per_seed": [
        0.3138620257533003,
        0.35169337334614037,
        0.3019391161099191,
        0.29907330751020267,
        0.3164021973480647,
        0.2884571821605023,
        0.306859531627252,
        0.33718967839135994,
        0.29470313927076497
      ],
      "corr_xy_mean": 0.22103776531107844,
      "var_x_mean": 0.10263975303539113,
      "var_y_mean": 0.08791597377550363,
      "mean_abs_x_mean": 0.2623129801922718,
      "mean_abs_y_mean": 0.2399721611045722,
      "n_local_max_mean": 0.0,
      "q_ll_mean": 0.2991111111111111,
      "q_lr_mean": 0.20444444444444446,
      "q_ul_mean": 0.1928888888888889,
      "q_ur_mean": 0.3035555555555556
    },
    "2000": {
      "wasserstein_mean": 0.38432473642478854,
      "wasserstein_ci95_lo": 0.36371964173326954,
      "wasserstein_ci95_hi": 0.40492983111630754,
      "wasserstein_ci95_halfwidth": 0.020605094691519,
      "wasserstein_per_seed": [
        0.3739804025273092,
        0.4072229296731867,
        0.37186711892778257,
        0.4077656089712066,
        0.3852882492198823,
        0.36719421508139916,
        0.37604284493630785,
        0.42977621374230934,
        0.339785044743713
      ],
      "corr_xy_mean": 0.4990175680378198,
      "var_x_mean": 0.08298144264247874,
      "var_y_mean": 0.05727590370043608,
      "mean_abs_x_mean": 0.242244404307861,
      "mean_abs_y_mean": 0.19356538490563707,
      "n_local_max_mean": 0.0,
      "q_ll_mean": 0.3564444444444444,
      "q_lr_mean": 0.12622222222222224,
      "q_ul_mean": 0.13155555555555554,
      "q_ur_mean": 0.3857777777777778
    },
    "2010": {
      "wasserstein_mean": 0.37820799010435213,
      "wasserstein_ci95_lo": 0.36393724649675535,
      "wasserstein_ci95_hi": 0.3924787337119489,
      "wasserstein_ci95_halfwidth": 0.01427074360759678,
      "wasserstein_per_seed": [
        0.380682325894032,
        0.3536880417680494,
        0.3602896053277157,
        0.3542809674005,
        0.3923240206849732,
        0.39527540731583116,
        0.39522436021126306,
        0.3727627544533592,
        0.3993444278834451
      ],
      "corr_xy_mean": 0.638306157761861,
      "var_x_mean": 0.10815834431852826,
      "var_y_mean": 0.0692342010504304,
      "mean_abs_x_mean": 0.28200825211285807,
      "mean_abs_y_mean": 0.2158152146805331,
      "n_local_max_mean": 0.0,
      "q_ll_mean": 0.36977777777777776,
      "q_lr_mean": 0.09866666666666667,
      "q_ul_mean": 0.11244444444444444,
      "q_ur_mean": 0.41911111111111116
    },
    "2020": {
      "wasserstein_mean": 0.35326711593762317,
      "wasserstein_ci95_lo": 0.3425940136522171,
      "wasserstein_ci95_hi": 0.36394021822302924,
      "wasserstein_ci95_halfwidth": 0.010673102285406078,
      "wasserstein_per_seed": [
        0.3517605573254738,
        0.351846355889597,
        0.3458359325336808,
        0.35241239272463915,
        0.3726017824304894,
        0.3430677978062288,
        0.3575139098018634,
        0.33000266600699013,
        0.37436264891964616
      ],
      "corr_xy_mean": 0.7789057528069074,
      "var_x_mean": 0.13852618013638734,
      "var_y_mean": 0.09510237960881883,
      "mean_abs_x_mean": 0.3303875787483987,
      "mean_abs_y_mean": 0.2645180728195195,
      "n_local_max_mean": 0.0,
      "q_ll_mean": 0.41288888888888886,
      "q_lr_mean": 0.052000000000000005,
      "q_ul_mean": 0.08133333333333333,
      "q_ur_mean": 0.4537777777777777
    }
  },
  "w2_total": 1.6719492407522285
}