{
  "winner": {
    "party_center_y": 0.25,
    "coupling_rho": 0.2,
    "w2_1980": 0.23801133323738027,
    "w2_1990": 0.3139118827111688,
    "w2_2000": 0.38226480492887827,
    "w2_2010": 0.3606655235619199,
    "w2_2020": 0.35117689807601477,
    "w2_total": 1.646030442515362,
    "cells_in_band": 13,
    "cells_total": 24,
    "gate_pass": false,
    "shape_2020_corr_xy": 0.793564107567893,
    "shape_2020_var_y": 0.10325674362740041,
    "shape_2020_var_x": 0.13534470610913152
  },
  "bless_reason": "NO \u00a711-passing cell; min w2_total + min \u00a711-shortfall tiebreaker \u2192 tier_d_best_effort",
  "any_pass": false,
  "grid_y": [
    0.1,
    0.15,
    0.2,
    0.25
  ],
  "grid_rho": [
    0.0,
    0.1,
    0.2,
    0.3
  ],
  "tier_c_strength": 0.08,
  "tier_c_bump": 0.5
}