{
  "baseline (no X7)": {
    "means": {
      "affect": -0.790748988129946,
      "constraint": 0.5699867479086188,
      "party_sep": 0.5689538763763439
    },
    "ses": {
      "affect": 0.006612818636357371,
      "constraint": 0.012143364568147281,
      "party_sep": 0.005030811562761344
    }
  },
  "X7 fired at 2010 (tick 90)": {
    "means": {
      "affect": -0.7977419499873943,
      "constraint": 0.5827997356289554,
      "party_sep": 0.5371534709641007
    },
    "ses": {
      "affect": 0.007717748487154863,
      "constraint": 0.01282552245868893,
      "party_sep": 0.00477820210464268
    }
  },
  "X7 fired at 2015 (tick 105)": {
    "means": {
      "affect": -0.7961088358345372,
      "constraint": 0.5755953294835183,
      "party_sep": 0.5620836982540109
    },
    "ses": {
      "affect": 0.00715529302987746,
      "constraint": 0.011592105394076983,
      "party_sep": 0.005810598865727684
    }
  }
}