{
  "metadata": {
    "label": "tier_c_blessed",
    "n_agents": 250,
    "independent_fraction": 0.12,
    "factional_seeding": false,
    "faction_anchor_strength": 0.08,
    "event_stubbornness_bump_multiplier": 0.5,
    "seeds": [
      0,
      1,
      2,
      3,
      4,
      5,
      6,
      7,
      8
    ],
    "pot_available": true,
    "degraded": false,
    "decade_ticks": [
      [
        1980,
        0
      ],
      [
        1990,
        30
      ],
      [
        2000,
        60
      ],
      [
        2010,
        90
      ],
      [
        2020,
        120
      ]
    ],
    "population_includes": "all agents (party 0/1/2)",
    "bless_reason": "min w2_total among \u00a711-passing"
  },
  "per_decade": {
    "1980": {
      "wasserstein_mean": 0.24889042726052754,
      "wasserstein_ci95_lo": 0.22608507353290924,
      "wasserstein_ci95_hi": 0.27169578098814584,
      "wasserstein_ci95_halfwidth": 0.0228053537276183,
      "wasserstein_per_seed": [
        0.25872602196167255,
        0.24011978205682666,
        0.2585084018024403,
        0.24617552097250495,
        0.2230052701280527,
        0.24844417056521534,
        0.211281383623723,
        0.31635550148403435,
        0.23739779275027784
      ],
      "corr_xy_mean": -0.015386188586852007,
      "var_x_mean": 0.19591123658915724,
      "var_y_mean": 0.1908532971845458,
      "mean_abs_x_mean": 0.35720178596809576,
      "mean_abs_y_mean": 0.3520693705101312,
      "n_local_max_mean": 1.3333333333333333,
      "q_ll_mean": 0.2493333333333333,
      "q_lr_mean": 0.2448888888888889,
      "q_ul_mean": 0.2573333333333333,
      "q_ur_mean": 0.2484444444444444
    },
    "1990": {
      "wasserstein_mean": 0.325256145405377,
      "wasserstein_ci95_lo": 0.31346401546581465,
      "wasserstein_ci95_hi": 0.33704827534493936,
      "wasserstein_ci95_halfwidth": 0.011792129939562357,
      "wasserstein_per_seed": [
        0.3363134471172378,
        0.32361839008392507,
        0.33927646024630503,
        0.3321377483367718,
        0.3242034636089949,
        0.31865817716569333,
        0.2907645201803602,
        0.3414065945786367,
        0.32092650733046846
      ],
      "corr_xy_mean": 0.08877305965795299,
      "var_x_mean": 0.10429265057510041,
      "var_y_mean": 0.07138979435986874,
      "mean_abs_x_mean": 0.26956721929611965,
      "mean_abs_y_mean": 0.21344305675365444,
      "n_local_max_mean": 1.7777777777777777,
      "q_ll_mean": 0.26355555555555554,
      "q_lr_mean": 0.22444444444444445,
      "q_ul_mean": 0.23733333333333334,
      "q_ur_mean": 0.27466666666666667
    },
    "2000": {
      "wasserstein_mean": 0.41440893449953875,
      "wasserstein_ci95_lo": 0.3934123651956571,
      "wasserstein_ci95_hi": 0.4354055038034204,
      "wasserstein_ci95_halfwidth": 0.020996569303881663,
      "wasserstein_per_seed": [
        0.41257241038615616,
        0.43716774762956767,
        0.4245184640809338,
        0.44308811258048014,
        0.39727230422206694,
        0.4023802919474677,
        0.39299774382396596,
        0.45217697620391595,
        0.36750635962129485
      ],
      "corr_xy_mean": 0.2920074028889376,
      "var_x_mean": 0.08827556639414225,
      "var_y_mean": 0.03646828500262889,
      "mean_abs_x_mean": 0.2533309186113162,
      "mean_abs_y_mean": 0.15189808105844083,
      "n_local_max_mean": 1.6666666666666667,
      "q_ll_mean": 0.31466666666666665,
      "q_lr_mean": 0.1875555555555556,
      "q_ul_mean": 0.18444444444444444,
      "q_ur_mean": 0.3133333333333333
    },
    "2010": {
      "wasserstein_mean": 0.4128899766905764,
      "wasserstein_ci95_lo": 0.3970780929475602,
      "wasserstein_ci95_hi": 0.42870186043359265,
      "wasserstein_ci95_halfwidth": 0.01581188374301623,
      "wasserstein_per_seed": [
        0.4092229714223112,
        0.39728329670998574,
        0.38468000566427973,
        0.39222217954608346,
        0.42407216333518677,
        0.4486923301212104,
        0.43251258913392693,
        0.40617554134539424,
        0.42114871293680917
      ],
      "corr_xy_mean": 0.4161889740044324,
      "var_x_mean": 0.11524340327964995,
      "var_y_mean": 0.03737371035162241,
      "mean_abs_x_mean": 0.2910503285760408,
      "mean_abs_y_mean": 0.15177807208997765,
      "n_local_max_mean": 1.8888888888888888,
      "q_ll_mean": 0.33733333333333326,
      "q_lr_mean": 0.15155555555555555,
      "q_ul_mean": 0.16444444444444445,
      "q_ur_mean": 0.3466666666666666
    },
    "2020": {
      "wasserstein_mean": 0.4070955955545481,
      "wasserstein_ci95_lo": 0.3941823523343782,
      "wasserstein_ci95_hi": 0.420008838774718,
      "wasserstein_ci95_halfwidth": 0.012913243220169901,
      "wasserstein_per_seed": [
        0.40310576357441075,
        0.4185196633650999,
        0.4028255799578091,
        0.4173128181364713,
        0.41575926584811046,
        0.39304949720098376,
        0.3920939888808226,
        0.3835153851574592,
        0.43767839786976603
      ],
      "corr_xy_mean": 0.5963865496185412,
      "var_x_mean": 0.14613985096136442,
      "var_y_mean": 0.045402265170201586,
      "mean_abs_x_mean": 0.3387320021120922,
      "mean_abs_y_mean": 0.17153974005344305,
      "n_local_max_mean": 2.111111111111111,
      "q_ll_mean": 0.3711111111111111,
      "q_lr_mean": 0.08933333333333333,
      "q_ul_mean": 0.14622222222222223,
      "q_ur_mean": 0.3933333333333333
    }
  }
}